{"cameraMode":{"drawMode":0,"name":"Shaded","section":"Shading Mode"},"sceneLighting":true,"audioPlay":false,"sceneViewState":{"m_AlwaysRefresh":false,"showFog":true,"showSkybox":true,"showFlares":true,"showImageEffects":true,"showParticleSystems":true,"showVisualEffectGraphs":true,"m_FxEnabled":true},"in2DMode":false,"pivot":{"x":0.23078344762325288,"y":0.18465861678123475,"z":0.052208226174116138},"rotation":{"x":-0.20735032856464387,"y":0.7633615136146545,"z":-0.29551663994789126,"w":-0.5358416438102722},"size":0.007395029067993164,"orthographic":false}