{"cameraMode":{"drawMode":0,"name":"Shaded","section":"Shading Mode"},"sceneLighting":true,"audioPlay":false,"sceneViewState":{"m_AlwaysRefresh":false,"showFog":true,"showSkybox":true,"showFlares":true,"showImageEffects":true,"showParticleSystems":true,"showVisualEffectGraphs":true,"m_FxEnabled":true},"in2DMode":false,"pivot":{"x":0.19314035773277284,"y":0.12076850235462189,"z":0.040867455303668979},"rotation":{"x":-0.19539256393909455,"y":0.7261787056922913,"z":-0.22969111800193788,"w":-0.6179150938987732},"size":0.007395029067993164,"orthographic":false}