{"cameraMode":{"drawMode":0,"name":"Shaded","section":"Shading Mode"},"sceneLighting":true,"audioPlay":false,"sceneViewState":{"m_AlwaysRefresh":false,"showFog":true,"showSkybox":true,"showFlares":true,"showImageEffects":true,"showParticleSystems":true,"showVisualEffectGraphs":true,"m_FxEnabled":true},"in2DMode":false,"pivot":{"x":-0.06142696738243103,"y":-0.23744608461856843,"z":0.8895965218544006},"rotation":{"x":-0.1700674593448639,"y":0.8021886348724365,"z":-0.5043970346450806,"w":-0.27047494053840639},"size":0.2673359513282776,"orthographic":false}