{"cameraMode":{"drawMode":0,"name":"Shaded","section":"Shading Mode"},"sceneLighting":true,"audioPlay":false,"sceneViewState":{"m_AlwaysRefresh":false,"showFog":true,"showSkybox":true,"showFlares":true,"showImageEffects":true,"showParticleSystems":true,"showVisualEffectGraphs":true,"m_FxEnabled":true},"in2DMode":false,"pivot":{"x":-0.14455287158489228,"y":-0.07757344841957092,"z":0.8689582943916321},"rotation":{"x":-0.1410006284713745,"y":0.8294059038162231,"z":-0.24192394316196443,"w":-0.4834039509296417},"size":0.2673359513282776,"orthographic":false}