{"cameraMode":{"drawMode":0,"name":"Shaded","section":"Shading Mode"},"sceneLighting":true,"audioPlay":false,"sceneViewState":{"m_AlwaysRefresh":false,"showFog":true,"showSkybox":true,"showFlares":true,"showImageEffects":true,"showParticleSystems":true,"showVisualEffectGraphs":true,"m_FxEnabled":true},"in2DMode":false,"pivot":{"x":-0.16279029846191407,"y":-0.0935060977935791,"z":0.6853742003440857},"rotation":{"x":-0.1989632397890091,"y":0.6991267204284668,"z":-0.21305948495864869,"w":-0.6528724431991577},"size":0.5673359632492065,"orthographic":false}